subject,sessionIndex,rep,H.period,DD.period.t,UD.period.t,H.t,DD.t.i,UD.t.i,H.i,DD.i.e,UD.i.e,H.e,DD.e.five,UD.e.five,H.five,DD.five.Shift.r,UD.five.Shift.r,H.Shift.r,DD.Shift.r.o,UD.Shift.r.o,H.o,DD.o.a,UD.o.a,H.a,DD.a.n,UD.a.n,H.n,DD.n.l,UD.n.l,H.l,DD.l.Return,UD.l.Return,H.Return
andy,1,1,0.14217638969421387,0.15687990188598633,0.014703512191772461,0.12793731689453125,0.14229869842529297,0.014361381530761719,0.15591859817504883,0.1161344051361084,-0.03978419303894043,0.12424373626708984,0.2764582633972168,0.15221452713012695,0.1371769905090332,0.6410107612609863,0.5038337707519531,0.1251969337463379,0.1245272159576416,-0.0006697177886962891,0.12209177017211914,0.1000967025756836,-0.021995067596435547,0.12826323509216309,0.0859673023223877,-0.04229593276977539,0.12044167518615723,0.20937180519104004,0.08893013000488281,0.11691117286682129,0.1654372215270996,0.04852604866027832,0.16025829315185547
andy,1,2,0.14179301261901855,0.16463470458984375,0.022841691970825195,0.12162542343139648,0.1521456241607666,0.030520200729370117,0.1370387077331543,0.12154316902160645,-0.015495538711547852,0.10421562194824219,0.21860313415527344,0.11438751220703125,0.15690898895263672,0.3461465835571289,0.1892375946044922,0.13854432106018066,0.15624356269836426,0.017699241638183594,0.1204538345336914,0.08830809593200684,-0.03214573860168457,0.14449048042297363,0.0823969841003418,-0.062093496322631836,0.10118818283081055,0.1260662078857422,0.02487802505493164,0.09842371940612793,0.1306614875793457,0.03223776817321777,0.17381930351257324
andy,1,3,0.1571519374847412,0.14721965789794922,-0.009932279586791992,0.1347959041595459,0.14579033851623535,0.010994434356689453,0.12489175796508789,0.10146093368530273,-0.023430824279785156,0.11216497421264648,0.2021021842956543,0.08993721008300781,0.14085960388183594,0.27455878257751465,0.1336991786956787,0.14255833625793457,0.30942416191101074,0.16686582565307617,0.12144231796264648,0.10169768333435059,-0.0197446346282959,0.1354515552520752,0.08242297172546387,-0.05302858352661133,0.10859823226928711,0.15584254264831543,0.04724431037902832,0.1187591552734375,0.14654970169067383,0.027790546417236328,0.17351245880126953
andy,1,4,0.15867280960083008,0.1424872875213623,-0.016185522079467773,0.11890816688537598,0.1591789722442627,0.04027080535888672,0.13317489624023438,0.060895442962646484,-0.07227945327758789,0.10603618621826172,0.33351707458496094,0.22748088836669922,0.1458888053894043,0.28737974166870117,0.14149093627929688,0.12595057487487793,0.1362295150756836,0.010278940200805664,0.10806679725646973,0.11449575424194336,0.006428956985473633,0.11426615715026855,0.0725555419921875,-0.041710615158081055,0.10193705558776855,0.1456923484802246,0.043755292892456055,0.09629988670349121,0.12257981300354004,0.026279926300048828,0.19080781936645508
andy,1,5,0.16658258438110352,0.15710210800170898,-0.009480476379394531,0.11509370803833008,0.14110255241394043,0.02600884437561035,0.13512110710144043,0.08209705352783203,-0.0530240535736084,0.12865471839904785,0.19288849830627441,0.06423377990722656,0.1650071144104004,0.28653693199157715,0.12152981758117676,0.1263282299041748,0.11999726295471191,-0.006330966949462891,0.11312150955200195,0.08263731002807617,-0.03048419952392578,0.125474214553833,0.08924674987792969,-0.03622746467590332,0.11421084403991699,0.14913582801818848,0.034924983978271484,0.12119650840759277,0.23011302947998047,0.1089165210723877,0.14329862594604492
andy,1,6,0.17117953300476074,0.16161870956420898,-0.009560823440551758,0.12769651412963867,0.16231179237365723,0.034615278244018555,0.18033456802368164,0.1475682258605957,-0.03276634216308594,0.13113188743591309,0.23487234115600586,0.10374045372009277,0.15500211715698242,0.37630486488342285,0.22130274772644043,0.14776134490966797,0.15978598594665527,0.012024641036987305,0.11542010307312012,0.11818313598632812,0.002763032913208008,0.13834595680236816,0.07251787185668945,-0.06582808494567871,0.11201262474060059,0.23506402969360352,0.12305140495300293,0.11977124214172363,0.17367148399353027,0.05390024185180664,0.1704092025756836
andy,1,7,0.1535031795501709,0.1443932056427002,-0.009109973907470703,0.1241457462310791,0.14275383949279785,0.01860809326171875,0.14051580429077148,0.09831738471984863,-0.04219841957092285,0.1102914810180664,0.1725020408630371,0.0622105598449707,0.1473090648651123,0.2838735580444336,0.1365644931793213,0.15807795524597168,0.14187216758728027,-0.016205787658691406,0.12823104858398438,0.8967337608337402,0.7685027122497559,0.11173677444458008,0.047453880310058594,-0.06428289413452148,0.10718846321105957,0.1177825927734375,0.01059412956237793,0.12438488006591797,0.13715338706970215,0.01276850700378418,0.17703771591186523
andy,1,8,0.2090473175048828,0.2012801170349121,-0.007767200469970703,0.13132739067077637,0.1650393009185791,0.033711910247802734,0.17800521850585938,0.8027422428131104,0.624737024307251,0.14449191093444824,0.13138484954833984,-0.013107061386108398,-4.242740869522095,0.34552669525146484,4.58826756477356,0.14469146728515625,0.20015406608581543,0.05546259880065918,0.12761259078979492,0.13442087173461914,0.006808280944824219,0.11233353614807129,0.07900071144104004,-0.03333282470703125,0.09947323799133301,0.11733746528625488,0.017864227294921875,0.12950611114501953,0.1563434600830078,0.02683734893798828,0.16356372833251953
andy,1,9,0.1302471160888672,0.11707830429077148,-0.013168811798095703,0.11536979675292969,0.13576030731201172,0.02039051055908203,0.12459564208984375,0.13463711738586426,0.010041475296020508,0.1777782440185547,0.25568127632141113,0.07790303230285645,0.1540663242340088,0.29086875915527344,0.13680243492126465,0.14887499809265137,0.1987597942352295,0.049884796142578125,0.1308143138885498,1.56563401222229,1.4348196983337402,0.11580920219421387,0.0597686767578125,-0.05604052543640137,0.11202383041381836,0.06590986251831055,-0.04611396789550781,-4.234345436096191,0.1333911418914795,-0.0026619434356689453,0.1836409568786621
andy,1,10,0.17887425422668457,0.12466740608215332,-0.05420684814453125,0.07615113258361816,1.3198776245117188,1.2437264919281006,0.15595078468322754,0.11962723731994629,-0.03632354736328125,0.1118001937866211,0.7182073593139648,0.6064071655273438,0.145735502243042,0.7204220294952393,0.5746865272521973,0.1368556022644043,0.117340087890625,-0.019515514373779297,0.12478899955749512,0.10878753662109375,-0.016001462936401367,0.13803339004516602,0.05244326591491699,-0.08559012413024902,0.11624741554260254,0.20574522018432617,0.08949780464172363,0.12262129783630371,0.15882015228271484,0.03619885444641113,0.15338587760925293
andy,2,1,0.11794757843017578,0.17046666145324707,0.05251908302307129,0.09518623352050781,0.09265446662902832,-0.002531766891479492,0.14435458183288574,0.0820012092590332,-0.06235337257385254,0.09282326698303223,0.1695094108581543,0.07668614387512207,0.1541306972503662,0.6249730587005615,0.4708423614501953,0.11813163757324219,0.11562728881835938,-0.0025043487548828125,0.12108230590820312,0.0915384292602539,-0.02954387664794922,0.1367201805114746,0.056610107421875,-0.08011007308959961,0.13620972633361816,0.246978759765625,0.11076903343200684,0.07195329666137695,0.5833561420440674,0.5114028453826904,0.18089699745178223
andy,2,2,0.13599395751953125,0.10424280166625977,-0.031751155853271484,0.12349605560302734,0.1400742530822754,0.016578197479248047,0.12424898147583008,0.1312708854675293,0.007021903991699219,0.1726703643798828,0.22757267951965332,0.05490231513977051,0.13790488243103027,0.33452439308166504,0.19661951065063477,0.15569710731506348,0.26261377334594727,0.10691666603088379,0.15415048599243164,0.15480375289916992,0.0006532669067382812,0.13801836967468262,0.07801580429077148,-0.06000256538391113,0.1088113784790039,0.13727784156799316,0.028466463088989258,0.11200809478759766,0.11457514762878418,0.0025670528411865234,0.16385674476623535
andy,2,3,0.16840291023254395,0.21197032928466797,0.04356741905212402,0.1476891040802002,0.12495136260986328,-0.022737741470336914,0.1476447582244873,0.10500359535217285,-0.04264116287231445,0.11501336097717285,0.17141938209533691,0.05640602111816406,-3.311220645904541,0.22057127952575684,3.531791925430298,0.16084527969360352,0.19369244575500488,0.03284716606140137,0.1733379364013672,0.14969825744628906,-0.023639678955078125,0.125701904296875,0.07534980773925781,-0.05035209655761719,0.12933826446533203,0.10313725471496582,-0.02620100975036621,0.11567831039428711,0.3934035301208496,0.2777252197265625,0.12745451927185059
andy,2,4,0.1766526699066162,2.049311876296997,1.8726592063903809,0.14616703987121582,0.814082145690918,0.6679151058197021,0.15439701080322266,0.06570672988891602,-0.08869028091430664,0.17131447792053223,0.1317148208618164,-0.03959965705871582,0.12150025367736816,0.632225751876831,0.5107254981994629,0.15603208541870117,0.11321187019348145,-0.04282021522521973,0.12535405158996582,0.12578558921813965,0.0004315376281738281,0.10871100425720215,0.04874539375305176,-0.05996561050415039,0.11870408058166504,0.11267590522766113,-0.006028175354003906,0.10874295234680176,0.4187655448913574,0.31002259254455566,0.1664597988128662
andy,2,5,0.15092134475708008,0.13762784004211426,-0.01329350471496582,0.12196874618530273,0.13259553909301758,0.010626792907714844,0.12035059928894043,0.042664527893066406,-0.07768607139587402,0.13248491287231445,0.1797313690185547,0.047246456146240234,-3.128596782684326,0.2381281852722168,3.366724967956543,0.16108107566833496,0.22037720680236816,0.0592961311340332,0.14183759689331055,0.12261414527893066,-0.019223451614379883,0.11499214172363281,0.06554150581359863,-0.04945063591003418,0.14191651344299316,0.10558629035949707,-0.036330223083496094,0.12474989891052246,0.1539902687072754,0.02924036979675293,0.16051769256591797
andy,2,6,0.16254115104675293,0.1147611141204834,-0.04778003692626953,0.1218559741973877,0.18005084991455078,0.058194875717163086,0.1319444179534912,0.13147330284118652,-0.0004711151123046875,0.1179361343383789,0.20354366302490234,0.08560752868652344,0.13101792335510254,0.27828168869018555,0.147263765335083,0.16002774238586426,0.15348243713378906,-0.006545305252075195,0.12803053855895996,0.11832904815673828,-0.00970149040222168,0.10869169235229492,0.06914305686950684,-0.039548635482788086,0.11613774299621582,0.09406852722167969,-0.022069215774536133,0.11469507217407227,0.12483453750610352,0.01013946533203125,0.1799910068511963
andy,2,7,0.16474246978759766,0.17581462860107422,0.011072158813476562,0.11802506446838379,0.13107752799987793,0.01305246353149414,0.12179708480834961,0.09203243255615234,-0.029764652252197266,0.09658646583557129,0.1510627269744873,0.054476261138916016,0.1462419033050537,0.2580869197845459,0.11184501647949219,0.1478259563446045,0.13216924667358398,-0.015656709671020508,0.12909412384033203,0.08960533142089844,-0.039488792419433594,0.13827753067016602,0.09952640533447266,-0.03875112533569336,0.1275336742401123,0.14597320556640625,0.018439531326293945,0.1040797233581543,0.13248133659362793,0.028401613235473633,0.17433619499206543
andy,2,8,0.1708359718322754,0.12778306007385254,-0.04305291175842285,0.13586020469665527,0.17559480667114258,0.039734601974487305,0.16080975532531738,0.1279919147491455,-0.032817840576171875,0.10189580917358398,0.1898500919342041,0.08795428276062012,0.13455963134765625,0.2825629711151123,0.14800333976745605,0.1342635154724121,0.1214292049407959,-0.012834310531616211,0.13962936401367188,0.09821295738220215,-0.04141640663146973,0.14269351959228516,0.08116602897644043,-0.06152749061584473,0.13744449615478516,0.10739445686340332,-0.030050039291381836,0.128251314163208,0.18342089653015137,0.05516958236694336,0.19225382804870605
andy,2,9,0.13728928565979004,0.16583776473999023,0.028548479080200195,0.1375102996826172,0.13121891021728516,-0.006291389465332031,0.16173005104064941,0.12210893630981445,-0.03962111473083496,0.09546709060668945,0.1742541790008545,0.07878708839416504,0.147385835647583,0.28261756896972656,0.13523173332214355,0.15553736686706543,0.13231372833251953,-0.0232236385345459,0.13116693496704102,0.11505603790283203,-0.016110897064208984,0.13297581672668457,0.06864309310913086,-0.06433272361755371,0.12068510055541992,0.08469557762145996,-0.03598952293395996,0.1078634262084961,0.12385106086730957,0.015987634658813477,0.1737973690032959
andy,2,10,0.1273510456085205,0.1645185947418213,0.03716754913330078,0.13432693481445312,0.23357677459716797,0.09924983978271484,0.15401911735534668,0.10553264617919922,-0.04848647117614746,0.10774087905883789,0.17798566818237305,0.07024478912353516,0.14646601676940918,0.28658223152160645,0.14011621475219727,0.14592432975769043,0.14330410957336426,-0.002620220184326172,0.13762187957763672,0.14742732048034668,0.009805440902709961,0.12233996391296387,0.03292727470397949,-0.08941268920898438,0.11878681182861328,0.1420295238494873,0.023242712020874023,0.11834216117858887,0.19645953178405762,0.07811737060546875,0.1635117530822754
andy,3,1,0.15375995635986328,0.11170434951782227,-0.042055606842041016,0.15901613235473633,0.15664458274841309,-0.002371549606323242,0.15750932693481445,0.06599164009094238,-0.09151768684387207,0.12452030181884766,0.1525404453277588,0.028020143508911133,-2.650959014892578,0.21647953987121582,2.867438554763794,0.15741968154907227,0.11495351791381836,-0.042466163635253906,0.1376631259918213,0.14785552024841309,0.010192394256591797,0.13181185722351074,0.05938220024108887,-0.07242965698242188,0.1350698471069336,0.11201810836791992,-0.023051738739013672,-2.5775012969970703,0.11247634887695312,-0.021065473556518555,0.2068769931793213
andy,3,2,0.144240140914917,0.10822820663452148,-0.03601193428039551,0.11140060424804688,0.15706849098205566,0.04566788673400879,0.16434979438781738,0.08204770088195801,-0.08230209350585938,0.12576651573181152,0.19953250885009766,0.07376599311828613,0.13916969299316406,0.26427602767944336,0.1251063346862793,0.14585614204406738,0.1530778408050537,0.007221698760986328,0.1306161880493164,0.12186980247497559,-0.00874638557434082,0.11725711822509766,0.06842970848083496,-0.048827409744262695,0.10868167877197266,0.06570005416870117,-0.042981624603271484,0.12186622619628906,0.1444721221923828,0.02260589599609375,0.205902099609375
andy,3,3,0.16150331497192383,0.12770962715148926,-0.03379368782043457,0.12559962272644043,0.16562271118164062,0.040023088455200195,0.1222848892211914,0.07242441177368164,-0.049860477447509766,0.10901451110839844,0.1935136318206787,0.08449912071228027,0.154205322265625,0.35089111328125,0.196685791015625,0.1617891788482666,0.21138644218444824,0.04959726333618164,0.13462281227111816,0.12819170951843262,-0.006431102752685547,0.10913658142089844,0.06913208961486816,-0.04000449180603027,0.12990260124206543,0.12936687469482422,-0.0005357265472412109,0.12410378456115723,0.14714407920837402,0.023040294647216797,0.16056275367736816
andy,3,4,0.14798641204833984,0.1118459701538086,-0.03614044189453125,0.12427997589111328,0.1619396209716797,0.037659645080566406,0.14829611778259277,0.07555437088012695,-0.07274174690246582,0.1352062225341797,0.16166019439697266,0.02645397186279297,-2.7586965560913086,0.2373652458190918,2.9960618019104004,0.15494394302368164,0.22313308715820312,0.06818914413452148,0.11840534210205078,0.09512567520141602,-0.023279666900634766,0.14805269241333008,0.07937836647033691,-0.06867432594299316,0.12833142280578613,0.09555935859680176,-0.032772064208984375,0.12165641784667969,0.162858247756958,0.04120182991027832,0.17334580421447754
andy,3,5,0.16108942031860352,0.1347043514251709,-0.026385068893432617,0.129136323928833,0.15529656410217285,0.026160240173339844,0.12841534614562988,0.07230567932128906,-0.05610966682434082,0.11527609825134277,0.18265604972839355,0.06737995147705078,-5.536181211471558,0.23168683052062988,5.7678680419921875,0.14453649520874023,0.16491365432739258,0.020377159118652344,0.15444612503051758,0.13775968551635742,-0.016686439514160156,0.16538572311401367,0.15936827659606934,-0.006017446517944336,0.12466311454772949,0.17566847801208496,0.05100536346435547,0.09550309181213379,0.34050536155700684,0.24500226974487305,0.10151124000549316
andy,3,6,0.18395519256591797,0.1179041862487793,-0.06605100631713867,0.1383836269378662,0.16741228103637695,0.029028654098510742,0.16216111183166504,0.05654549598693848,-0.10561561584472656,0.12199234962463379,0.1873621940612793,0.06536984443664551,-8.697739601135254,0.2437286376953125,8.941468238830566,0.15777802467346191,0.17803072929382324,0.020252704620361328,0.20472502708435059,0.14118123054504395,-0.06354379653930664,0.16868066787719727,0.0734093189239502,-0.09527134895324707,0.14983439445495605,0.08870220184326172,-0.061132192611694336,0.10701370239257812,0.11026954650878906,0.0032558441162109375,0.1936202049255371
andy,3,7,0.1775035858154297,0.114837646484375,-0.06266593933105469,0.13765931129455566,0.1797010898590088,0.042041778564453125,0.144700288772583,0.07554912567138672,-0.06915116310119629,0.12110066413879395,0.16869640350341797,0.04759573936462402,0.1419987678527832,0.23786330223083496,0.09586453437805176,0.14565038681030273,0.12936139106750488,-0.01628899574279785,0.11449384689331055,0.15251684188842773,0.03802299499511719,0.11721277236938477,0.08481669425964355,-0.03239607810974121,0.1216268539428711,0.0819706916809082,-0.03965616226196289,0.11289238929748535,0.1399669647216797,0.027074575424194336,0.19008922576904297
andy,3,8,0.1407766342163086,0.10390162467956543,-0.036875009536743164,0.11877608299255371,0.1519148349761963,0.03313875198364258,0.10035204887390137,0.06401348114013672,-0.03633856773376465,0.10963869094848633,0.1613917350769043,0.05175304412841797,0.11743903160095215,0.2270948886871338,0.10965585708618164,0.14201855659484863,0.10905909538269043,-0.0329594612121582,0.10855889320373535,0.18564343452453613,0.07708454132080078,0.11396312713623047,0.07563662528991699,-0.03832650184631348,0.1110689640045166,0.1397840976715088,0.028715133666992188,0.10820126533508301,0.12933897972106934,0.021137714385986328,0.18234562873840332
andy,3,9,0.15351343154907227,0.13136696815490723,-0.02214646339416504,0.11106061935424805,0.15741300582885742,0.046352386474609375,0.14939236640930176,0.0787651538848877,-0.07062721252441406,0.11001825332641602,0.15291309356689453,0.042894840240478516,0.14067649841308594,0.2809164524078369,0.14023995399475098,0.18009066581726074,0.2667074203491211,0.08661675453186035,0.15098047256469727,0.1576530933380127,0.00667262077331543,0.15178489685058594,0.15129446983337402,-0.0004904270172119141,0.13199496269226074,0.09004878997802734,-0.0419461727142334,0.12794208526611328,0.13505935668945312,0.007117271423339844,0.1797635555267334
andy,3,10,0.17138051986694336,0.11235737800598145,-0.059023141860961914,0.14005041122436523,0.1619408130645752,0.02189040184020996,0.10830926895141602,0.12511682510375977,0.01680755615234375,0.05513882637023926,0.15867042541503906,0.1035315990447998,0.12098383903503418,0.22976231575012207,0.10877847671508789,0.14519667625427246,0.17031049728393555,0.025113821029663086,0.11112022399902344,0.11879849433898926,0.00767827033996582,0.11787247657775879,0.062154531478881836,-0.05571794509887695,0.12489533424377441,0.1549208164215088,0.030025482177734375,0.111053466796875,0.14087557792663574,0.029822111129760742,0.17026424407958984
andy,4,1,0.17976689338684082,0.10492587089538574,-0.07484102249145508,0.13790655136108398,1.1590383052825928,1.0211317539215088,0.17237401008605957,0.0861668586730957,-0.08620715141296387,0.06967496871948242,0.06011390686035156,-0.00956106185913086,0.16064739227294922,0.3863980770111084,0.22575068473815918,0.13153696060180664,0.1784522533416748,0.046915292739868164,0.12484383583068848,0.11788463592529297,-0.006959199905395508,0.12735462188720703,0.08844447135925293,-0.0389101505279541,0.13233613967895508,0.09292745590209961,-0.03940868377685547,0.1086883544921875,0.14684510231018066,0.038156747817993164,0.1839902400970459
andy,4,2,0.17330336570739746,0.15407395362854004,-0.019229412078857422,0.1308579444885254,0.1678447723388672,0.0369868278503418,0.14597392082214355,1.0057475566864014,0.8597736358642578,0.12514615058898926,0.3283967971801758,0.20325064659118652,-1.0883111953735352,1.1879570484161377,2.276268243789673,0.16209149360656738,0.09988617897033691,-0.06220531463623047,0.13474345207214355,0.15131902694702148,0.01657557487487793,0.16099333763122559,0.08868575096130371,-0.07230758666992188,0.1450817584991455,0.11535358428955078,-0.029728174209594727,0.12251710891723633,0.14361119270324707,0.021094083786010742,0.15940356254577637
andy,4,3,0.15442466735839844,0.32225561141967773,0.1678309440612793,0.15114259719848633,0.1652970314025879,0.014154434204101562,0.16089773178100586,0.08864068984985352,-0.07225704193115234,0.15280985832214355,0.8444070816040039,0.6915972232818604,-0.4707326889038086,0.2945079803466797,0.7652406692504883,0.13178181648254395,0.23146891593933105,0.09968709945678711,0.13918232917785645,0.12811923027038574,-0.011063098907470703,0.1356797218322754,0.07948112487792969,-0.0561985969543457,0.12187838554382324,0.22853660583496094,0.1066582202911377,0.11762809753417969,0.1573500633239746,0.03972196578979492,0.18942689895629883
andy,4,4,0.14738011360168457,0.11152315139770508,-0.03585696220397949,0.11785626411437988,0.8547890186309814,0.7369327545166016,0.10835742950439453,0.049520015716552734,-0.0588374137878418,0.13482308387756348,0.15632271766662598,0.0214996337890625,0.11490249633789062,0.352034330368042,0.23713183403015137,0.17495226860046387,0.17545747756958008,0.0005052089691162109,0.13509082794189453,0.11205148696899414,-0.02303934097290039,0.1259782314300537,0.04633283615112305,-0.07964539527893066,0.12669682502746582,0.12622547149658203,-0.00047135353088378906,0.10440778732299805,0.11528301239013672,0.010875225067138672,0.20674896240234375
andy,4,5,0.16939401626586914,0.10952234268188477,-0.059871673583984375,0.11305880546569824,0.17926454544067383,0.06620573997497559,0.12211871147155762,0.049172163009643555,-0.07294654846191406,0.06032967567443848,0.41644859313964844,0.35611891746520996,0.1600356101989746,0.3510322570800781,0.19099664688110352,0.1588726043701172,0.1952195167541504,0.0363469123840332,0.15431571006774902,0.11181259155273438,-0.04250311851501465,0.16484308242797852,0.07571649551391602,-0.0891265869140625,0.15829801559448242,0.14528822898864746,-0.013009786605834961,-2.932157278060913,0.10929036140441895,-0.002935171127319336,0.1994946002960205
andy,4,6,0.1562197208404541,0.13982057571411133,-0.016399145126342773,0.13184237480163574,0.1714649200439453,0.03962254524230957,0.14542174339294434,0.07226777076721191,-0.07315397262573242,0.12247776985168457,0.21076202392578125,0.08828425407409668,0.13472700119018555,0.23093390464782715,0.0962069034576416,0.15823960304260254,0.18657922744750977,0.028339624404907227,0.14496302604675293,0.14541316032409668,0.00045013427734375,0.1378779411315918,0.05484437942504883,-0.08303356170654297,0.1384267807006836,0.08940649032592773,-0.04902029037475586,0.13440585136413574,0.13792085647583008,0.003515005111694336,0.19745206832885742
andy,4,7,0.164290189743042,0.19292855262756348,0.028638362884521484,0.11642837524414062,0.1372528076171875,0.020824432373046875,0.13487958908081055,0.06605124473571777,-0.06882834434509277,0.1085207462310791,0.1901843547821045,0.08166360855102539,-2.599698543548584,0.2633237838745117,2.8630223274230957,0.1515345573425293,0.2126457691192627,0.0611112117767334,0.1441507339477539,0.15066003799438477,0.006509304046630859,0.1315462589263916,0.09870409965515137,-0.032842159271240234,0.13199138641357422,0.059796810150146484,-0.07219457626342773,0.14430785179138184,0.41992807388305664,0.2756202220916748,0.15445399284362793
andy,4,8,0.1053004264831543,0.14339041709899902,0.03808999061584473,0.14754891395568848,0.1585679054260254,0.011018991470336914,0.14420127868652344,0.10482072830200195,-0.039380550384521484,0.1151423454284668,0.14003896713256836,0.024896621704101562,0.14182353019714355,0.26878952980041504,0.12696599960327148,0.1537175178527832,0.14813566207885742,-0.005581855773925781,0.11091232299804688,0.11420989036560059,0.003297567367553711,0.11247968673706055,0.020171642303466797,-0.09230804443359375,0.14860916137695312,0.08609890937805176,-0.06251025199890137,0.11173081398010254,0.13926196098327637,0.027531147003173828,0.17312216758728027
andy,4,9,0.17206668853759766,0.10261416435241699,-0.06945252418518066,0.1338059902191162,0.20754504203796387,0.07373905181884766,0.15972232818603516,0.12327289581298828,-0.036449432373046875,0.1255507469177246,0.1730482578277588,0.04749751091003418,0.1443195343017578,0.3975396156311035,0.2532200813293457,0.1650090217590332,0.1746687889099121,0.009659767150878906,0.16886663436889648,1.088186264038086,0.9193196296691895,0.12964630126953125,0.1460261344909668,0.016379833221435547,0.1411895751953125,0.09938883781433105,-0.041800737380981445,0.1238396167755127,0.1546924114227295,0.030852794647216797,0.17719793319702148
andy,4,10,0.17813897132873535,0.13530850410461426,-0.042830467224121094,0.1424696445465088,0.14545392990112305,0.002984285354614258,0.16512036323547363,0.10865378379821777,-0.05646657943725586,0.10237574577331543,0.11930656433105469,0.016930818557739258,-3.732846736907959,0.2500333786010742,3.982880115509033,0.15798234939575195,0.1481010913848877,-0.009881258010864258,0.12668824195861816,0.1261918544769287,-0.0004963874816894531,0.1380617618560791,0.05225682258605957,-0.08580493927001953,0.16851520538330078,0.2496962547302246,0.08118104934692383,0.11167120933532715,0.15970611572265625,0.0480349063873291,0.15436673164367676
andy,5,1,0.16417670249938965,0.17120909690856934,0.0070323944091796875,0.14422273635864258,0.16945219039916992,0.025229454040527344,0.17431330680847168,0.0921018123626709,-0.08221149444580078,0.1326439380645752,0.2154088020324707,0.08276486396789551,0.13106513023376465,0.2326967716217041,0.10163164138793945,0.13926410675048828,0.13869547843933105,-0.0005686283111572266,0.13583040237426758,0.1351621150970459,-0.0006682872772216797,0.11181855201721191,0.04253745079040527,-0.06928110122680664,0.17938709259033203,0.1326889991760254,-0.04669809341430664,0.14124155044555664,0.1662588119506836,0.025017261505126953,0.18014144897460938
andy,5,2,0.15094375610351562,0.15420746803283691,0.003263711929321289,0.13248419761657715,0.09574222564697266,-0.03674197196960449,0.14540457725524902,0.09612417221069336,-0.049280405044555664,0.12164878845214844,0.19826793670654297,0.07661914825439453,0.12595129013061523,1.1447691917419434,1.0188179016113281,0.13353729248046875,0.14034438133239746,0.006807088851928711,0.13923001289367676,0.10843467712402344,-0.03079533576965332,0.1255965232849121,0.0793304443359375,-0.04626607894897461,0.11526226997375488,0.10911059379577637,-0.006151676177978516,-3.3501765727996826,0.11278867721557617,0.000453948974609375,0.17579007148742676
andy,5,3,0.1450498104095459,0.08616423606872559,-0.05888557434082031,0.15781068801879883,0.20477581024169922,0.04696512222290039,0.15267348289489746,0.09308218955993652,-0.05959129333496094,0.12530851364135742,0.18074536323547363,0.05543684959411621,0.11559128761291504,0.27457618713378906,0.15898489952087402,0.16088008880615234,0.2033681869506836,0.04248809814453125,0.13051891326904297,0.1541738510131836,0.023654937744140625,0.12540507316589355,0.09254813194274902,-0.03285694122314453,0.1289522647857666,0.07693076133728027,-0.05202150344848633,0.13807201385498047,0.14592742919921875,0.007855415344238281,0.16120314598083496
andy,5,4,0.16144418716430664,0.11810898780822754,-0.0433351993560791,0.12619233131408691,0.18229055404663086,0.056098222732543945,0.14924001693725586,0.09976863861083984,-0.049471378326416016,0.1184992790222168,0.2039804458618164,0.08548116683959961,0.1253221035003662,0.4371757507324219,0.31185364723205566,0.12213945388793945,0.16573047637939453,0.04359102249145508,0.10012245178222656,0.1244649887084961,0.02434253692626953,0.11796450614929199,0.09493398666381836,-0.023030519485473633,0.12258481979370117,0.07297253608703613,-0.04961228370666504,-2.768570899963379,0.13545942306518555,-0.002744913101196289,0.18361854553222656
andy,5,5,0.17423701286315918,0.1150352954864502,-0.059201717376708984,0.1086733341217041,0.15463590621948242,0.04596257209777832,0.14616823196411133,0.05968117713928223,-0.0864870548248291,0.12340402603149414,0.1709129810333252,0.047508955001831055,-2.794325113296509,0.2139289379119873,3.008254051208496,0.13862037658691406,0.20152807235717773,0.06290769577026367,0.19845151901245117,0.16404128074645996,-0.03441023826599121,0.12996220588684082,0.07145905494689941,-0.058503150939941406,0.1509265899658203,0.08506369590759277,-0.06586289405822754,0.1218869686126709,0.13213443756103516,0.010247468948364258,0.18689274787902832
andy,5,6,0.16045928001403809,0.6856331825256348,0.5251739025115967,0.14189958572387695,0.10404753684997559,-0.03785204887390137,0.13650131225585938,0.07733416557312012,-0.05916714668273926,0.12152910232543945,0.15162444114685059,0.030095338821411133,0.12484955787658691,0.2615649700164795,0.13671541213989258,0.1372835636138916,0.16718840599060059,0.029904842376708984,0.11117029190063477,0.12708520889282227,0.0159149169921875,0.1310749053955078,0.09926772117614746,-0.03180718421936035,0.11847448348999023,0.06503009796142578,-0.05344438552856445,0.10939240455627441,0.12398838996887207,0.014595985412597656,0.17403316497802734
andy,5,7,0.1281142234802246,0.09819364547729492,-0.029920578002929688,0.13622665405273438,0.1758432388305664,0.03961658477783203,0.10199737548828125,0.10303854942321777,0.0010411739349365234,0.08032894134521484,0.17049813270568848,0.09016919136047363,0.11805391311645508,0.24648761749267578,0.1284337043762207,0.15822958946228027,0.1881413459777832,0.02991175651550293,0.11946535110473633,0.1314845085144043,0.012019157409667969,0.11935830116271973,0.08952617645263672,-0.029832124710083008,0.10640668869018555,0.050145626068115234,-0.05626106262207031,0.10186481475830078,0.3424851894378662,0.24062037467956543,0.16414761543273926
andy,5,8,0.16233325004577637,0.2080082893371582,0.045675039291381836,0.17377614974975586,0.17079734802246094,-0.002978801727294922,0.16782402992248535,0.10501289367675781,-0.06281113624572754,0.08589982986450195,0.17486834526062012,0.08896851539611816,-2.985949993133545,0.2020740509033203,3.1880240440368652,0.15117883682250977,0.14836478233337402,-0.002814054489135742,0.1307218074798584,0.10692834854125977,-0.023793458938598633,0.11592650413513184,0.07624673843383789,-0.039679765701293945,0.12883400917053223,0.08593249320983887,-0.04290151596069336,0.11176609992980957,0.12211871147155762,0.010352611541748047,0.16682076454162598
andy,5,9,0.17469120025634766,0.3581666946411133,0.18347549438476562,0.13547301292419434,0.10567045211791992,-0.029802560806274414,0.17448878288269043,0.10840487480163574,-0.06608390808105469,0.125213623046875,0.14509892463684082,0.01988530158996582,0.13714933395385742,0.6229150295257568,0.4857656955718994,0.11636924743652344,0.185377836227417,0.06900858879089355,0.09709835052490234,0.1225423812866211,0.02544403076171875,0.1251671314239502,0.06590700149536133,-0.05926012992858887,0.11198019981384277,0.06608891487121582,-0.04589128494262695,0.09860563278198242,0.1318678855895996,0.03326225280761719,0.15349292755126953
andy,5,10,0.12151122093200684,0.14594173431396484,0.024430513381958008,0.11459755897521973,0.14665460586547852,0.03205704689025879,0.1319725513458252,0.11196708679199219,-0.020005464553833008,0.1283111572265625,0.19363021850585938,0.06531906127929688,-3.464664936065674,0.30826878547668457,3.7729337215423584,0.13451457023620605,0.16074490547180176,0.026230335235595703,0.1620030403137207,0.1830310821533203,0.02102804183959961,0.1506190299987793,0.17079401016235352,0.02017498016357422,0.0953216552734375,0.13214349746704102,0.036821842193603516,0.09164857864379883,0.12019038200378418,0.02854180335998535,0.16487503051757812
andy,6,1,0.15733838081359863,-1.068544864654541,-1.2258832454681396,0.13436651229858398,0.14130568504333496,0.0069391727447509766,0.13499808311462402,0.13547658920288086,0.00047850608825683594,0.13388657569885254,0.26431918144226074,0.1304326057434082,0.14403486251831055,1.0209410190582275,0.876906156539917,0.13544464111328125,0.11245584487915039,-0.02298879623413086,0.13463735580444336,0.5885889530181885,0.4539515972137451,0.10912370681762695,0.06605339050292969,-0.043070316314697266,0.10543608665466309,0.043560028076171875,-0.06187605857849121,0.12783050537109375,0.1702442169189453,0.04241371154785156,0.15706467628479004
andy,6,2,0.15464425086975098,0.1281580924987793,-0.02648615837097168,0.13457989692687988,0.15871882438659668,0.024138927459716797,0.15798211097717285,0.08842682838439941,-0.06955528259277344,0.08945727348327637,0.41606879234313965,0.3266115188598633,0.1303098201751709,0.23481059074401855,0.10450077056884766,0.14313888549804688,0.1335606575012207,-0.009578227996826172,0.13389325141906738,0.09790706634521484,-0.03598618507385254,0.13860249519348145,0.0766150951385498,-0.06198740005493164,0.1249227523803711,0.0858144760131836,-0.0391082763671875,0.09230709075927734,0.1380138397216797,0.045706748962402344,0.17365360260009766
andy,6,3,0.15371370315551758,0.13483715057373047,-0.01887655258178711,0.12138509750366211,0.1419515609741211,0.020566463470458984,0.12950801849365234,0.0818026065826416,-0.04770541191101074,0.10631561279296875,0.15816879272460938,0.051853179931640625,0.10550975799560547,0.21922969818115234,0.11371994018554688,0.1482388973236084,1.8383686542510986,1.6901297569274902,0.10468626022338867,0.11167764663696289,0.006991386413574219,0.09268665313720703,0.07245850563049316,-0.020228147506713867,0.1155252456665039,0.21999192237854004,0.10446667671203613,0.13129329681396484,0.1413097381591797,0.010016441345214844,0.17745590209960938
andy,6,4,0.1645350456237793,0.12898492813110352,-0.03555011749267578,0.11132454872131348,0.1405797004699707,0.029255151748657227,0.13849520683288574,0.07613849639892578,-0.06235671043395996,0.10523867607116699,0.17393732070922852,0.06869864463806152,0.12438106536865234,0.2691650390625,0.14478397369384766,0.14771413803100586,0.19100069999694824,0.04328656196594238,0.09412407875061035,0.1677854061126709,0.07366132736206055,0.13368940353393555,0.16009736061096191,0.026407957077026367,0.14079809188842773,0.13533377647399902,-0.005464315414428711,0.10932302474975586,0.3420984745025635,0.23277544975280762,0.1537015438079834
andy,6,5,0.15108156204223633,-1.5532772541046143,-1.7043588161468506,0.11176419258117676,0.19715213775634766,0.0853879451751709,0.12229347229003906,0.12172293663024902,-0.0005705356597900391,0.08492302894592285,0.19345378875732422,0.10853075981140137,0.13221144676208496,0.27066850662231445,0.1384570598602295,0.1707618236541748,0.1882767677307129,0.017514944076538086,0.12481474876403809,0.13451838493347168,0.009703636169433594,0.12586522102355957,0.07394099235534668,-0.05192422866821289,0.11112165451049805,0.05836129188537598,-0.05276036262512207,0.10905861854553223,0.9067037105560303,0.797645092010498,0.15748882293701172
andy,6,6,0.17160511016845703,0.14178180694580078,-0.02982330322265625,0.13821125030517578,0.14824748039245605,0.010036230087280273,0.14467191696166992,0.08514404296875,-0.05952787399291992,0.1366102695465088,0.18409967422485352,0.04748940467834473,0.14145302772521973,0.2735402584075928,0.13208723068237305,0.14960241317749023,0.11634063720703125,-0.033261775970458984,0.12655425071716309,0.11332845687866211,-0.013225793838500977,0.1420001983642578,0.07940840721130371,-0.0625917911529541,0.11972761154174805,0.10245680809020996,-0.017270803451538086,0.10009169578552246,0.307720422744751,0.20762872695922852,0.12888288497924805
andy,6,7,0.128218412399292,0.18522000312805176,0.057001590728759766,0.15157055854797363,0.12145566940307617,-0.03011488914489746,0.14840316772460938,0.10902285575866699,-0.03938031196594238,0.0961146354675293,0.15042757987976074,0.054312944412231445,0.12807750701904297,0.22792840003967285,0.09985089302062988,0.14023900032043457,0.13391852378845215,-0.006320476531982422,0.11863231658935547,0.1190788745880127,0.00044655799865722656,0.13031458854675293,0.07822728157043457,-0.05208730697631836,0.10545539855957031,0.08907055854797363,-0.01638484001159668,0.11501383781433105,0.13950109481811523,0.02448725700378418,0.17087745666503906
andy,6,8,0.16237545013427734,0.11943840980529785,-0.04293704032897949,0.14148807525634766,0.6854400634765625,0.5439519882202148,0.10511326789855957,0.09206771850585938,-0.013045549392700195,0.05934596061706543,0.17014312744140625,0.11079716682434082,0.11145901679992676,0.2332775592803955,0.12181854248046875,0.15706133842468262,0.1283435821533203,-0.028717756271362305,0.12475252151489258,0.13545608520507812,0.010703563690185547,0.12492036819458008,0.07192158699035645,-0.05299878120422363,0.11565470695495605,0.07599663734436035,-0.0396580696105957,0.09457635879516602,0.15315604209899902,0.05857968330383301,0.16852617263793945
andy,6,9,0.1604776382446289,0.11794710159301758,-0.04253053665161133,0.11143207550048828,0.14029860496520996,0.02886652946472168,0.11133170127868652,0.05898737907409668,-0.052344322204589844,0.09522581100463867,0.1588742733001709,0.06364846229553223,0.12621140480041504,0.2766611576080322,0.1504497528076172,0.1451711654663086,0.2252025604248047,0.0800313949584961,0.1547682285308838,0.10507941246032715,-0.04968881607055664,0.12521886825561523,0.09859776496887207,-0.026621103286743164,0.13457012176513672,0.11502265930175781,-0.019547462463378906,0.12453126907348633,0.1922454833984375,0.06771421432495117,0.1507425308227539
andy,6,10,0.16494441032409668,0.1518411636352539,-0.013103246688842773,0.11524319648742676,0.11818361282348633,0.0029404163360595703,0.12532567977905273,0.07258749008178711,-0.052738189697265625,0.08908867835998535,0.1922454833984375,0.10315680503845215,0.1058502197265625,0.21918702125549316,0.11333680152893066,0.14385747909545898,0.16593146324157715,0.022073984146118164,0.10990691184997559,0.1416788101196289,0.03177189826965332,0.1448986530303955,0.06265592575073242,-0.08224272727966309,0.12266755104064941,0.09236693382263184,-0.030300617218017578,0.11207270622253418,0.11912107467651367,0.007048368453979492,0.16399812698364258
andy,7,1,0.15912771224975586,0.09939098358154297,-0.05973672866821289,0.13089942932128906,0.16765761375427246,0.0367581844329834,0.1283707618713379,0.07245516777038574,-0.05591559410095215,0.10887527465820312,0.20755410194396973,0.0986788272857666,0.12176084518432617,0.6362781524658203,0.5145173072814941,0.14174532890319824,0.16686391830444336,0.025118589401245117,0.1088247299194336,0.09525823593139648,-0.01356649398803711,0.13253331184387207,0.06261682510375977,-0.0699164867401123,0.12517786026000977,0.06942248344421387,-0.0557553768157959,0.11167359352111816,0.15302038192749023,0.04134678840637207,0.17025160789489746
andy,7,2,0.14586710929870605,0.11989331245422363,-0.025973796844482422,0.13444113731384277,0.1411290168762207,0.00668787956237793,0.11177515983581543,0.06912469863891602,-0.042650461196899414,0.11463093757629395,0.16889142990112305,0.0542604923248291,-2.5193607807159424,0.21373486518859863,2.733095645904541,0.15511822700500488,0.13860273361206055,-0.016515493392944336,0.11476778984069824,0.12504863739013672,0.010280847549438477,0.13222575187683105,0.07555913925170898,-0.05666661262512207,0.10648441314697266,0.04707956314086914,-0.059404850006103516,0.1157228946685791,0.12590479850769043,0.010181903839111328,0.15504670143127441
andy,7,3,0.15298962593078613,0.12124180793762207,-0.03174781799316406,0.11885881423950195,0.2502422332763672,0.13138341903686523,0.13374614715576172,0.12897491455078125,-0.004771232604980469,0.09782934188842773,0.6317613124847412,0.5339319705963135,0.08589935302734375,0.2748715877532959,0.18897223472595215,0.15787410736083984,0.16106724739074707,0.0031931400299072266,0.13826370239257812,0.1083669662475586,-0.02989673614501953,0.12501144409179688,0.10522818565368652,-0.01978325843811035,0.11558103561401367,0.07255315780639648,-0.04302787780761719,0.18423223495483398,0.24332928657531738,0.0590970516204834,0.1652989387512207
andy,7,4,0.15162110328674316,0.11196565628051758,-0.039655447006225586,0.12174201011657715,0.13732028007507324,0.015578269958496094,0.12500953674316406,0.07540345191955566,-0.0496060848236084,0.10244560241699219,0.2158207893371582,0.11337518692016602,0.15082669258117676,0.26659059524536133,0.11576390266418457,0.1618790626525879,0.21536993980407715,0.05349087715148926,0.14475369453430176,0.1484062671661377,0.0036525726318359375,0.149613618850708,0.16852998733520508,0.01891636848449707,0.13524508476257324,0.1189126968383789,-0.016332387924194336,0.12827324867248535,0.21047472953796387,0.08220148086547852,0.15703678131103516
andy,7,5,0.16329240798950195,0.10526108741760254,-0.058031320571899414,0.13695788383483887,0.15358424186706543,0.016626358032226562,0.1333446502685547,0.08844161033630371,-0.04490303993225098,0.09571623802185059,0.1759176254272461,0.08020138740539551,0.11187458038330078,0.2269749641418457,0.11510038375854492,0.15807557106018066,0.20499539375305176,0.046919822692871094,0.13773345947265625,0.14777278900146484,0.010039329528808594,0.14163899421691895,0.11527466773986816,-0.02636432647705078,0.1292569637298584,0.06610298156738281,-0.06315398216247559,0.12566447257995605,0.20354652404785156,0.07788205146789551,0.12769722938537598
andy,7,6,0.12111020088195801,0.09513735771179199,-0.025972843170166016,0.12173604965209961,0.1484837532043457,0.026747703552246094,0.1197519302368164,0.06948280334472656,-0.050269126892089844,0.10252904891967773,0.15943312644958496,0.05690407752990723,0.1338953971862793,0.33203983306884766,0.19814443588256836,0.16840577125549316,0.16890192031860352,0.0004961490631103516,0.1331620216369629,0.1438736915588379,0.010711669921875,0.15157771110534668,0.1025543212890625,-0.04902338981628418,0.11893057823181152,0.08242511749267578,-0.03650546073913574,0.10586094856262207,0.2367105484008789,0.13084959983825684,0.12740683555603027
andy,7,7,0.1371622085571289,0.15131354331970215,0.014151334762573242,0.11136722564697266,0.6102821826934814,0.4989149570465088,0.147752046585083,0.11476278305053711,-0.0329892635345459,0.13162541389465332,0.18347859382629395,0.051853179931640625,0.12089300155639648,0.31316208839416504,0.19226908683776855,0.14518332481384277,0.21313023567199707,0.0679469108581543,0.1107633113861084,0.10827445983886719,-0.002488851547241211,0.14526772499084473,0.0925135612487793,-0.05275416374206543,0.09578251838684082,0.02658367156982422,-0.0691988468170166,0.11885857582092285,0.1581592559814453,0.03930068016052246,0.18634843826293945
andy,7,8,0.17859148979187012,0.09522199630737305,-0.08336949348449707,0.12988567352294922,0.1797497272491455,0.04986405372619629,0.12762689590454102,0.06213021278381348,-0.06549668312072754,0.09885978698730469,0.17735981941223145,0.07850003242492676,0.12723374366760254,0.2803618907928467,0.15312814712524414,0.1721632480621338,0.17687606811523438,0.004712820053100586,0.11768603324890137,0.11821746826171875,0.0005314350128173828,0.143690824508667,0.09512090682983398,-0.04856991767883301,0.12111878395080566,0.04246973991394043,-0.07864904403686523,0.12475109100341797,0.22824740409851074,0.10349631309509277,0.17257022857666016
andy,7,9,0.1394939422607422,0.10017609596252441,-0.03931784629821777,0.1186666488647461,0.14969158172607422,0.031024932861328125,0.10740065574645996,0.07137155532836914,-0.03602910041809082,0.10541582107543945,0.41170811653137207,0.3062922954559326,0.16085338592529297,0.264056921005249,0.10320353507995605,0.18756341934204102,0.2593388557434082,0.07177543640136719,0.11456727981567383,0.10152530670166016,-0.013041973114013672,0.14213156700134277,0.10596489906311035,-0.03616666793823242,0.11581802368164062,0.09575152397155762,-0.020066499710083008,0.09143590927124023,0.13896846771240234,0.04753255844116211,0.1569521427154541
andy,7,10,0.14970040321350098,0.12257766723632812,-0.02712273597717285,0.12229561805725098,0.16045594215393066,0.03816032409667969,0.16330742835998535,0.15735960006713867,-0.00594782829284668,0.13454008102416992,0.20270514488220215,0.06816506385803223,0.13396954536437988,0.26964426040649414,0.13567471504211426,0.17148613929748535,0.1705491542816162,-0.0009369850158691406,0.12385821342468262,0.13474726676940918,0.010889053344726562,0.15329265594482422,0.07725954055786133,-0.07603311538696289,0.12262892723083496,0.06006574630737305,-0.06256318092346191,0.12869763374328613,0.15236425399780273,0.0236666202545166,0.1506175994873047
andy,8,1,0.16723036766052246,0.13487863540649414,-0.03235173225402832,0.1288433074951172,0.13898992538452148,0.010146617889404297,0.13859200477600098,0.08210372924804688,-0.0564882755279541,0.0891578197479248,0.16126346588134766,0.07210564613342285,0.11714911460876465,0.24545931816101074,0.1283102035522461,0.15797090530395508,0.15192246437072754,-0.006048440933227539,0.12930798530578613,0.78586745262146,0.6565594673156738,0.14087891578674316,0.11131095886230469,-0.029567956924438477,0.15272951126098633,0.15328693389892578,0.0005574226379394531,0.1239621639251709,0.13483476638793945,0.010872602462768555,0.18512701988220215
andy,8,2,0.15885043144226074,0.10890769958496094,-0.049942731857299805,0.12204360961914062,0.15655803680419922,0.034514427185058594,0.14555978775024414,0.11469101905822754,-0.0308687686920166,0.10949277877807617,0.21630406379699707,0.1068112850189209,0.13727068901062012,0.27468347549438477,0.13741278648376465,0.15769720077514648,0.16437268257141113,0.0066754817962646484,0.11133527755737305,0.10530877113342285,-0.006026506423950195,0.1353752613067627,0.12901067733764648,-0.006364583969116211,0.11818790435791016,0.07217001914978027,-0.04601788520812988,0.12643122673034668,0.19388675689697266,0.06745553016662598,0.1929786205291748
andy,8,3,0.16414332389831543,0.11863231658935547,-0.04551100730895996,0.13485383987426758,0.1634507179260254,0.028596878051757812,0.14505815505981445,0.07877302169799805,-0.0662851333618164,0.09579682350158691,0.19476842880249023,0.09897160530090332,-2.743716239929199,0.35568904876708984,3.099405288696289,0.16150975227355957,0.230560302734375,0.06905055046081543,0.10465645790100098,0.09857773780822754,-0.0060787200927734375,0.15109872817993164,0.09581208229064941,-0.05528664588928223,0.12538599967956543,0.0720369815826416,-0.05334901809692383,0.10980820655822754,0.1427469253540039,0.03293871879577637,0.15970253944396973
andy,8,4,0.15184640884399414,0.11277222633361816,-0.03907418251037598,0.1079704761505127,0.15134572982788086,0.043375253677368164,0.1216588020324707,0.07529711723327637,-0.046361684799194336,0.09267950057983398,0.18044090270996094,0.08776140213012695,0.11771988868713379,0.24197745323181152,0.12425756454467773,0.15908050537109375,0.14578628540039062,-0.013294219970703125,0.11583328247070312,0.11321711540222168,-0.0026161670684814453,0.12876009941101074,0.056185007095336914,-0.07257509231567383,0.13876962661743164,0.09901547431945801,-0.03975415229797363,0.1152496337890625,0.16789484024047852,0.052645206451416016,0.20539331436157227
andy,8,5,0.13231396675109863,0.1293482780456543,-0.002965688705444336,0.1313791275024414,0.13921213150024414,0.007833003997802734,0.0799858570098877,0.056052446365356445,-0.02393341064453125,0.12520337104797363,0.2536344528198242,0.12843108177185059,-2.662108898162842,0.2697720527648926,2.9318809509277344,0.1476755142211914,0.12099981307983398,-0.026675701141357422,0.08933830261230469,0.2195873260498047,0.1302490234375,0.14870548248291016,0.0992574691772461,-0.04944801330566406,0.12542438507080078,0.075775146484375,-0.04964923858642578,0.1284041404724121,0.1866612434387207,0.058257102966308594,0.1461625099182129
andy,8,6,0.14428973197937012,0.11824345588684082,-0.026046276092529297,0.11138200759887695,0.14343833923339844,0.032056331634521484,0.12409281730651855,0.049343109130859375,-0.07474970817565918,0.0928351879119873,0.18751788139343262,0.09468269348144531,-5.544050693511963,0.2581806182861328,5.802231311798096,0.137054443359375,0.15399646759033203,0.01694202423095703,0.1290876865386963,0.10937070846557617,-0.019716978073120117,0.13237357139587402,0.07793378829956055,-0.05443978309631348,0.13313055038452148,0.07764625549316406,-0.05548429489135742,0.14174342155456543,0.1989879608154297,0.05724453926086426,0.14056396484375
andy,8,7,0.13788723945617676,0.09183740615844727,-0.04604983329772949,0.11847496032714844,0.1467113494873047,0.02823638916015625,0.09506106376647949,0.0852196216583252,-0.009841442108154297,0.13591265678405762,0.15239310264587402,0.016480445861816406,0.10866069793701172,0.21747350692749023,0.10881280899047852,0.12164092063903809,0.15844464302062988,0.0368037223815918,0.11657309532165527,0.10677099227905273,-0.009802103042602539,0.12140798568725586,0.09595131874084473,-0.025456666946411133,0.10810065269470215,0.06588506698608398,-0.042215585708618164,-6.014369249343872,0.12509369850158691,-0.006056547164916992,0.1705029010772705
andy,8,8,0.15095162391662598,0.10556507110595703,-0.045386552810668945,0.10498380661010742,0.13820171356201172,0.0332179069519043,0.13718748092651367,0.07820940017700195,-0.05897808074951172,0.08531475067138672,1.4713141918182373,1.3859994411468506,-0.6117103099822998,0.2241804599761963,0.8358907699584961,0.1419384479522705,0.0962822437286377,-0.04565620422363281,0.12112021446228027,0.12787938117980957,0.006759166717529297,0.12474226951599121,0.11823654174804688,-0.006505727767944336,0.13500261306762695,0.06908369064331055,-0.0659189224243164,0.14799237251281738,0.44710803031921387,0.2991156578063965,0.14724349975585938
andy,8,9,0.15847396850585938,0.08565998077392578,-0.0728139877319336,0.1144859790802002,0.13460707664489746,0.020121097564697266,0.12399935722351074,0.0945134162902832,-0.02948594093322754,0.08914375305175781,0.19576215744018555,0.10661840438842773,0.08852171897888184,0.22585678100585938,0.13733506202697754,0.15497684478759766,0.17597460746765137,0.02099776268005371,0.14173483848571777,0.9490966796875,0.8073618412017822,0.11766290664672852,0.10452914237976074,-0.013133764266967773,0.11840558052062988,0.09219884872436523,-0.02620673179626465,0.12162542343139648,0.12923288345336914,0.007607460021972656,0.1692812442779541
andy,8,10,0.16018962860107422,0.10891938209533691,-0.051270246505737305,0.1513068675994873,0.13813090324401855,-0.01317596435546875,0.13816428184509277,0.09854531288146973,-0.03961896896362305,0.08899307250976562,0.2108595371246338,0.12186646461486816,0.10886383056640625,0.24416899681091309,0.13530516624450684,0.15154767036437988,0.22306585311889648,0.0715181827545166,0.1614818572998047,0.1787116527557373,0.017229795455932617,0.1609175205230713,0.1479814052581787,-0.012936115264892578,0.11191534996032715,0.0753629207611084,-0.03655242919921875,0.11194729804992676,0.22972798347473145,0.11778068542480469,0.13415861129760742
andy,9,1,0.13120293617248535,0.20264792442321777,0.07144498825073242,0.12803196907043457,0.11809921264648438,-0.009932756423950195,0.16852021217346191,0.11883974075317383,-0.049680471420288086,0.13210082054138184,0.27066993713378906,0.13856911659240723,0.15414047241210938,0.5452485084533691,0.39110803604125977,0.13472533226013184,0.1454451084136963,0.010719776153564453,0.13147854804992676,0.10712885856628418,-0.024349689483642578,0.12700104713439941,0.11044692993164062,-0.01655411720275879,0.12215352058410645,0.06252884864807129,-0.059624671936035156,0.12839770317077637,0.1402275562286377,0.011829853057861328,0.16799211502075195
andy,9,2,0.12471175193786621,0.07557511329650879,-0.04913663864135742,0.1290879249572754,0.15398955345153809,0.024901628494262695,0.1477797031402588,0.09165668487548828,-0.05612301826477051,0.11978316307067871,1.6598103046417236,1.540027141571045,0.1776731014251709,0.2894754409790039,0.11180233955383301,0.15274524688720703,0.11933159828186035,-0.03341364860534668,0.11809992790222168,0.11214494705200195,-0.0059549808502197266,0.1379833221435547,0.07230472564697266,-0.06567859649658203,0.116973876953125,0.06928849220275879,-0.04768538475036621,0.11764240264892578,0.13184452056884766,0.014202117919921875,0.17056918144226074
andy,9,3,0.13114356994628906,0.15581035614013672,0.024666786193847656,0.14828896522521973,0.10163164138793945,-0.04665732383728027,0.15059947967529297,0.10260295867919922,-0.04799652099609375,0.11990833282470703,0.21208596229553223,0.0921776294708252,0.13446927070617676,0.2706291675567627,0.13615989685058594,0.15106654167175293,0.20478034019470215,0.05371379852294922,0.16140508651733398,0.15839910507202148,-0.0030059814453125,0.17033052444458008,0.11438918113708496,-0.05594134330749512,0.1414027214050293,0.1953716278076172,0.05396890640258789,0.12450647354125977,0.6541616916656494,0.5296552181243896,0.19633221626281738
andy,9,4,0.15142226219177246,0.2293550968170166,0.07793283462524414,0.10688114166259766,0.08198213577270508,-0.024899005889892578,0.14656710624694824,0.1494128704071045,0.00284576416015625,0.07497549057006836,0.2407689094543457,0.16579341888427734,0.08190131187438965,0.3714122772216797,0.28951096534729004,0.13721370697021484,0.14638710021972656,0.009173393249511719,0.13483786582946777,1.3451497554779053,1.2103118896484375,0.18361592292785645,0.1937849521636963,0.010169029235839844,0.1277306079864502,0.24807095527648926,0.12034034729003906,-3.783247947692871,0.13586211204528809,-0.006155729293823242,0.19776272773742676
andy,9,5,0.1682124137878418,0.13486695289611816,-0.03334546089172363,0.12198901176452637,0.10538053512573242,-0.016608476638793945,0.15616369247436523,0.09531569480895996,-0.06084799766540527,0.09690380096435547,0.15086889266967773,0.053965091705322266,0.13776421546936035,0.3114802837371826,0.17371606826782227,0.13223934173583984,0.11571311950683594,-0.016526222229003906,0.12231564521789551,0.12961053848266602,0.007294893264770508,0.1289844512939453,0.0785527229309082,-0.05043172836303711,0.11591196060180664,0.05285072326660156,-0.06306123733520508,-3.6082489490509033,0.12917423248291016,-0.002785921096801758,0.17331862449645996
andy,9,6,0.14502930641174316,0.10496163368225098,-0.04006767272949219,0.11259675025939941,0.14198803901672363,0.02939128875732422,0.1423332691192627,0.076171875,-0.0661613941192627,0.10014176368713379,0.1815626621246338,0.0814208984375,-2.503305673599243,0.26616668701171875,2.769472360610962,0.15471768379211426,0.22557783126831055,0.07086014747619629,0.1580367088317871,0.157487154006958,-0.0005495548248291016,0.13592863082885742,0.1248466968536377,-0.011081933975219727,0.1323854923248291,0.09906935691833496,-0.03331613540649414,0.12175440788269043,0.19156861305236816,0.06981420516967773,0.16695475578308105
andy,9,7,0.17322993278503418,0.1275186538696289,-0.04571127891540527,0.13427257537841797,0.16445255279541016,0.030179977416992188,0.15580344200134277,0.09398508071899414,-0.06181836128234863,0.11145401000976562,0.1907041072845459,0.07925009727478027,0.13389134407043457,0.25768375396728516,0.12379240989685059,0.15496206283569336,0.20739078521728516,0.0524287223815918,0.13720083236694336,0.6211960315704346,0.4839951992034912,0.10483503341674805,0.07614541053771973,-0.02868962287902832,0.10784459114074707,0.12941455841064453,0.02156996726989746,0.12468171119689941,0.17223906517028809,0.04755735397338867,0.16819453239440918
andy,9,8,0.1349472999572754,0.1284632682800293,-0.006484031677246094,0.16086959838867188,0.13426828384399414,-0.026601314544677734,0.14503931999206543,0.08570241928100586,-0.05933690071105957,0.13488054275512695,0.3683748245239258,0.23349428176879883,0.1438007354736328,0.3676280975341797,0.22382736206054688,0.12862277030944824,0.1500873565673828,0.02146458625793457,0.1272449493408203,0.1371142864227295,0.00986933708190918,0.14796829223632812,0.07257342338562012,-0.07539486885070801,0.12855792045593262,0.09221220016479492,-0.036345720291137695,0.11176371574401855,0.12855052947998047,0.016786813735961914,0.15690255165100098
andy,9,9,0.173583984375,0.10456538200378418,-0.06901860237121582,0.14255642890930176,0.16420888900756836,0.0216524600982666,0.09193181991577148,0.07897686958312988,-0.012954950332641602,0.09526896476745605,0.17841386795043945,0.0831449031829834,0.11127924919128418,0.2761197090148926,0.1648404598236084,0.10465502738952637,0.21694207191467285,0.11228704452514648,0.127671480178833,0.14668536186218262,0.01901388168334961,0.13118314743041992,0.09172844886779785,-0.03945469856262207,0.11863994598388672,0.10240840911865234,-0.016231536865234375,0.11134123802185059,0.14761853218078613,0.03627729415893555,0.13682770729064941
andy,9,10,0.15903353691101074,0.1262209415435791,-0.03281259536743164,0.13779568672180176,0.14978480339050293,0.011989116668701172,0.14815044403076172,0.10857081413269043,-0.03957962989807129,0.10569167137145996,0.4130725860595703,0.30738091468811035,0.14106512069702148,0.3637657165527344,0.2227005958557129,0.13107681274414062,0.262296199798584,0.13121938705444336,0.18026185035705566,0.6333990097045898,0.4531371593475342,0.07896018028259277,0.05925464630126953,-0.019705533981323242,0.1284334659576416,0.06927967071533203,-0.05915379524230957,0.13737225532531738,0.14795422554016113,0.01058197021484375,0.16685795783996582
andy,10,1,0.14516496658325195,0.11485457420349121,-0.030310392379760742,0.11861300468444824,0.13362836837768555,0.015015363693237305,0.13172388076782227,0.05586862564086914,-0.07585525512695312,0.12523818016052246,0.2531907558441162,0.12795257568359375,0.11562609672546387,0.24350571632385254,0.12787961959838867,0.15871763229370117,0.22348380088806152,0.06476616859436035,0.1186068058013916,2.5564863681793213,2.4378795623779297,0.1355602741241455,0.09602117538452148,-0.03953909873962402,0.12204337120056152,0.08908867835998535,-0.03295469284057617,0.14128780364990234,0.15194177627563477,0.010653972625732422,0.16070914268493652
andy,10,2,0.1550290584564209,0.115570068359375,-0.0394589900970459,0.12824440002441406,0.13152766227722168,0.003283262252807617,0.1449291706085205,0.07557868957519531,-0.0693504810333252,0.09443473815917969,0.179152250289917,0.0847175121307373,0.11156296730041504,0.21731829643249512,0.10575532913208008,0.1379539966583252,0.1520380973815918,0.014084100723266602,0.10152983665466309,0.22451281547546387,0.12298297882080078,0.12450361251831055,0.11491107940673828,-0.009592533111572266,0.12215161323547363,0.07902932167053223,-0.043122291564941406,0.12631916999816895,0.506969690322876,0.38065052032470703,0.2031238079071045
andy,10,3,0.17083954811096191,0.10554051399230957,-0.06529903411865234,0.13097691535949707,0.1519782543182373,0.021001338958740234,0.1311943531036377,0.08163285255432129,-0.049561500549316406,0.09580445289611816,0.20145940780639648,0.10565495491027832,0.10761260986328125,0.24180102348327637,0.13418841361999512,0.1679244041442871,0.13155770301818848,-0.03636670112609863,0.14780044555664062,0.5592374801635742,0.4114370346069336,0.06574010848999023,0.20593023300170898,0.14019012451171875,0.1250898838043213,0.08556127548217773,-0.039528608322143555,0.13142657279968262,0.25382328033447266,0.12239670753479004,0.10709381103515625
andy,10,4,0.13576793670654297,0.1327342987060547,-0.0030336380004882812,0.1355304718017578,0.13501691818237305,-0.0005135536193847656,0.1437220573425293,0.14078330993652344,-0.0029387474060058594,0.11487865447998047,0.24224495887756348,0.127366304397583,0.13780856132507324,0.250927209854126,0.11311864852905273,0.1524813175201416,0.11594939231872559,-0.036531925201416016,0.14785170555114746,0.17618465423583984,0.028332948684692383,0.14405274391174316,0.15395736694335938,0.009904623031616211,0.13802385330200195,0.09531664848327637,-0.042707204818725586,0.13170742988586426,0.14914584159851074,0.017438411712646484,0.17047691345214844
andy,10,5,0.17088603973388672,0.1376807689666748,-0.033205270767211914,0.12192726135253906,0.16367745399475098,0.041750192642211914,0.13469791412353516,0.890855073928833,0.7561571598052979,0.10484981536865234,-0.6221740245819092,-0.7270238399505615,0.13459515571594238,0.2890806198120117,0.15448546409606934,0.16577863693237305,0.18070363998413086,0.014925003051757812,0.1530447006225586,1.147176742553711,0.9941320419311523,0.10564470291137695,0.07856369018554688,-0.027081012725830078,0.11921572685241699,0.07956981658935547,-0.03964591026306152,0.11848330497741699,0.13722562789916992,0.01874232292175293,0.16385221481323242
andy,10,6,0.16852474212646484,0.12085795402526855,-0.04766678810119629,0.14066696166992188,0.16927170753479004,0.028604745864868164,0.1352376937866211,0.7103276252746582,0.5750899314880371,0.13110804557800293,-0.4492816925048828,-0.5803897380828857,-4.63643479347229,0.22394156455993652,4.860376358032227,0.157792329788208,1.6565117835998535,1.4987194538116455,0.12577033042907715,0.06926178932189941,-0.056508541107177734,0.13852477073669434,0.12543797492980957,-0.013086795806884766,0.11498904228210449,0.09221363067626953,-0.02277541160583496,0.13117527961730957,0.1419544219970703,0.010779142379760742,0.19600439071655273
andy,10,7,0.15868902206420898,0.11808991432189941,-0.04059910774230957,0.1260974407196045,0.15952730178833008,0.033429861068725586,0.13629961013793945,1.3101747035980225,1.173875093460083,0.14091157913208008,-0.6400704383850098,-0.7809820175170898,0.1246788501739502,0.2523314952850342,0.12765264511108398,0.1672835350036621,0.7345454692840576,0.5672619342803955,0.12525248527526855,0.07596945762634277,-0.04928302764892578,0.12796854972839355,0.1314373016357422,0.003468751907348633,0.12561607360839844,0.8665757179260254,0.740959644317627,0.10815572738647461,0.15375638008117676,0.04560065269470215,0.14418387413024902
andy,10,8,0.14041709899902344,0.13138699531555176,-0.00903010368347168,0.15410780906677246,0.12361335754394531,-0.03049445152282715,0.16946816444396973,0.6115026473999023,0.4420344829559326,0.1744225025177002,-0.3380246162414551,-0.5124471187591553,0.09792137145996094,0.23514914512634277,0.13722777366638184,0.1944882869720459,0.7172496318817139,0.522761344909668,0.13114571571350098,0.0724327564239502,-0.05871295928955078,0.13418865203857422,0.1827538013458252,0.04856514930725098,0.11074614524841309,0.18745183944702148,0.0767056941986084,0.11494779586791992,0.21307635307312012,0.0981285572052002,0.1634824275970459
andy,10,9,0.1684715747833252,0.1119072437286377,-0.0565643310546875,0.11924076080322266,0.14998292922973633,0.030742168426513672,0.13388729095458984,0.09189629554748535,-0.04199099540710449,0.0976858139038086,0.4531111717224121,0.3554253578186035,0.13119268417358398,0.3744204044342041,0.24322772026062012,0.1479489803314209,0.15834450721740723,0.010395526885986328,0.15140032768249512,0.19713592529296875,0.04573559761047363,0.12782740592956543,0.12500452995300293,-0.0028228759765625,0.10835671424865723,0.13541793823242188,0.02706122398376465,0.10489535331726074,0.268902063369751,0.16400671005249023,0.12731194496154785
andy,10,10,0.14433765411376953,0.13116002082824707,-0.013177633285522461,0.13884949684143066,0.14531230926513672,0.006462812423706055,0.1398754119873047,0.9444015026092529,0.8045260906219482,0.08330655097961426,-0.6295702457427979,-0.7128767967224121,-3.3747692108154297,0.3251183032989502,3.69988751411438,0.19131779670715332,0.6157052516937256,0.42438745498657227,0.12187671661376953,0.0886075496673584,-0.03326916694641113,0.12524151802062988,0.1225898265838623,-0.002651691436767578,0.11112046241760254,0.1384584903717041,0.027338027954101562,0.11516356468200684,0.23098468780517578,0.11582112312316895,0.16745948791503906
